imageID,Class
video_0217_0.jpg,cloudy
video_0217_1.jpg,cloudy
video_0217_2.jpg,cloudy
video_0217_3.jpg,cloudy
video_0217_4.jpg,cloudy
video_0217_5.jpg,cloudy
video_0217_6.jpg,cloudy
video_0217_7.jpg,cloudy
video_0203_0.jpg,clear
video_0203_1.jpg,clear
video_0203_2.jpg,clear
video_0203_3.jpg,clear
video_0029_0.jpg,clear
video_0029_1.jpg,clear
video_0029_2.jpg,clear
video_0029_3.jpg,clear
video_0029_4.jpg,clear
video_0029_5.jpg,clear
video_0029_6.jpg,clear
video_0029_7.jpg,clear
video_0029_8.jpg,clear
video_0029_9.jpg,clear
video_0029_10.jpg,clear
video_0029_11.jpg,clear
video_0029_12.jpg,clear
video_0029_13.jpg,clear
video_0029_14.jpg,clear
video_0029_15.jpg,clear
video_0029_16.jpg,clear
video_0029_17.jpg,clear
video_0029_18.jpg,clear
video_0029_19.jpg,clear
video_0015_0.jpg,rain
video_0015_1.jpg,rain
video_0015_2.jpg,rain
video_0015_3.jpg,rain
video_0015_4.jpg,rain
video_0015_5.jpg,rain
video_0015_6.jpg,rain
video_0015_7.jpg,rain
video_0015_8.jpg,rain
video_0015_9.jpg,rain
video_0015_10.jpg,rain
video_0015_11.jpg,rain
video_0015_12.jpg,rain
video_0015_13.jpg,rain
video_0015_14.jpg,rain
video_0149_0.jpg,clear
video_0149_1.jpg,clear
video_0149_2.jpg,clear
video_0149_3.jpg,clear
video_0149_4.jpg,clear
video_0149_5.jpg,clear
video_0149_6.jpg,clear
video_0149_7.jpg,clear
video_0149_8.jpg,clear
video_0149_9.jpg,clear
video_0161_0.jpg,cloudy
video_0161_1.jpg,cloudy
video_0161_2.jpg,cloudy
video_0161_3.jpg,cloudy
video_0161_4.jpg,cloudy
video_0175_0.jpg,cloudy
video_0175_1.jpg,cloudy
video_0175_2.jpg,cloudy
video_0175_3.jpg,cloudy
video_0175_4.jpg,cloudy
video_0174_0.jpg,clear
video_0174_1.jpg,clear
video_0174_2.jpg,clear
video_0174_3.jpg,clear
video_0160_0.jpg,cloudy
video_0160_1.jpg,cloudy
video_0160_2.jpg,cloudy
video_0160_3.jpg,cloudy
video_0160_4.jpg,cloudy
video_0160_5.jpg,cloudy
video_0160_6.jpg,cloudy
video_0148_0.jpg,clear
video_0148_1.jpg,clear
video_0148_2.jpg,clear
video_0014_0.jpg,cloudy
video_0014_1.jpg,cloudy
video_0014_2.jpg,cloudy
video_0014_3.jpg,cloudy
video_0014_4.jpg,cloudy
video_0014_5.jpg,cloudy
video_0014_6.jpg,cloudy
video_0014_7.jpg,cloudy
video_0014_8.jpg,cloudy
video_0014_9.jpg,cloudy
video_0028_0.jpg,clear
video_0028_1.jpg,clear
video_0028_2.jpg,clear
video_0028_3.jpg,clear
video_0028_4.jpg,clear
video_0202_0.jpg,clear
video_0202_1.jpg,clear
video_0202_2.jpg,clear
video_0202_3.jpg,clear
video_0202_4.jpg,clear
video_0202_5.jpg,clear
video_0202_6.jpg,clear
video_0202_7.jpg,clear
video_0202_8.jpg,clear
video_0202_9.jpg,clear
video_0202_10.jpg,clear
video_0202_11.jpg,clear
video_0216_0.jpg,cloudy
video_0216_1.jpg,cloudy
video_0216_2.jpg,cloudy
video_0216_3.jpg,cloudy
video_0216_4.jpg,cloudy
video_0228_0.jpg,cloudy
video_0228_1.jpg,cloudy
video_0228_2.jpg,cloudy
video_0228_3.jpg,cloudy
video_0228_4.jpg,cloudy
video_0228_5.jpg,cloudy
video_0200_0.jpg,cloudy
video_0200_1.jpg,cloudy
video_0200_2.jpg,cloudy
video_0200_3.jpg,cloudy
video_0200_4.jpg,cloudy
video_0214_0.jpg,cloudy
video_0214_1.jpg,cloudy
video_0214_2.jpg,cloudy
video_0214_3.jpg,cloudy
video_0214_4.jpg,cloudy
video_0016_0.jpg,cloudy
video_0016_1.jpg,cloudy
video_0016_2.jpg,cloudy
video_0016_3.jpg,cloudy
video_0016_4.jpg,cloudy
video_0016_5.jpg,cloudy
video_0016_6.jpg,cloudy
video_0016_7.jpg,cloudy
video_0176_0.jpg,cloudy
video_0176_1.jpg,cloudy
video_0176_2.jpg,cloudy
video_0176_3.jpg,cloudy
video_0176_4.jpg,cloudy
video_0176_5.jpg,cloudy
video_0176_6.jpg,cloudy
video_0176_7.jpg,cloudy
video_0176_8.jpg,cloudy
video_0176_9.jpg,cloudy
video_0162_0.jpg,rain
video_0162_1.jpg,rain
video_0162_2.jpg,rain
video_0162_3.jpg,rain
video_0189_0.jpg,cloudy
video_0189_1.jpg,cloudy
video_0189_2.jpg,cloudy
video_0189_3.jpg,cloudy
video_0188_0.jpg,clear
video_0188_1.jpg,clear
video_0188_2.jpg,clear
video_0188_3.jpg,clear
video_0188_4.jpg,clear
video_0188_5.jpg,clear
video_0188_6.jpg,clear
video_0163_0.jpg,cloudy
video_0163_1.jpg,cloudy
video_0163_2.jpg,cloudy
video_0163_3.jpg,cloudy
video_0163_4.jpg,cloudy
video_0163_5.jpg,cloudy
video_0163_6.jpg,cloudy
video_0177_0.jpg,cloudy
video_0177_1.jpg,cloudy
video_0177_2.jpg,cloudy
video_0177_3.jpg,cloudy
video_0177_4.jpg,cloudy
video_0177_5.jpg,cloudy
video_0177_6.jpg,cloudy
video_0177_7.jpg,cloudy
video_0177_8.jpg,cloudy
video_0177_9.jpg,cloudy
video_0017_0.jpg,cloudy
video_0017_1.jpg,cloudy
video_0017_2.jpg,cloudy
video_0017_3.jpg,cloudy
video_0017_4.jpg,cloudy
video_0017_5.jpg,cloudy
video_0017_6.jpg,cloudy
video_0017_7.jpg,cloudy
video_0017_8.jpg,cloudy
video_0017_9.jpg,cloudy
video_0003_0.jpg,clear
video_0003_1.jpg,clear
video_0003_2.jpg,clear
video_0003_3.jpg,clear
video_0003_4.jpg,clear
video_0003_5.jpg,clear
video_0003_6.jpg,clear
video_0003_7.jpg,clear
video_0215_0.jpg,cloudy
video_0215_1.jpg,cloudy
video_0215_2.jpg,cloudy
video_0215_3.jpg,cloudy
video_0215_4.jpg,cloudy
video_0215_5.jpg,cloudy
video_0215_6.jpg,cloudy
video_0215_7.jpg,cloudy
video_0215_8.jpg,cloudy
video_0215_9.jpg,cloudy
video_0201_0.jpg,clear
video_0201_1.jpg,clear
video_0201_2.jpg,clear
video_0201_3.jpg,clear
video_0201_4.jpg,clear
video_0229_0.jpg,clear
video_0229_1.jpg,clear
video_0229_2.jpg,clear
video_0229_3.jpg,clear
video_0229_4.jpg,clear
video_0205_0.jpg,cloudy
video_0205_1.jpg,cloudy
video_0205_2.jpg,cloudy
video_0205_3.jpg,cloudy
video_0205_4.jpg,cloudy
video_0205_5.jpg,cloudy
video_0205_6.jpg,cloudy
video_0211_0.jpg,cloudy
video_0211_1.jpg,cloudy
video_0211_2.jpg,cloudy
video_0211_3.jpg,cloudy
video_0211_4.jpg,cloudy
video_0239_0.jpg,rain
video_0239_1.jpg,rain
video_0239_2.jpg,rain
video_0239_3.jpg,rain
video_0007_0.jpg,snow
video_0007_1.jpg,snow
video_0007_2.jpg,snow
video_0007_3.jpg,snow
video_0007_4.jpg,snow
video_0173_0.jpg,clear
video_0173_1.jpg,clear
video_0173_2.jpg,clear
video_0173_3.jpg,clear
video_0173_4.jpg,clear
video_0167_0.jpg,rain
video_0167_1.jpg,rain
video_0167_2.jpg,rain
video_0167_3.jpg,rain
video_0167_4.jpg,rain
video_0198_0.jpg,clear
video_0198_1.jpg,clear
video_0198_2.jpg,clear
video_0199_0.jpg,cloudy
video_0199_1.jpg,cloudy
video_0199_2.jpg,cloudy
video_0199_3.jpg,cloudy
video_0199_4.jpg,cloudy
video_0199_5.jpg,cloudy
video_0199_6.jpg,cloudy
video_0199_7.jpg,cloudy
video_0199_8.jpg,cloudy
video_0199_9.jpg,cloudy
video_0199_10.jpg,cloudy
video_0199_11.jpg,cloudy
video_0199_12.jpg,cloudy
video_0199_13.jpg,cloudy
video_0199_14.jpg,cloudy
video_0199_15.jpg,cloudy
video_0199_16.jpg,cloudy
video_0199_17.jpg,cloudy
video_0199_18.jpg,cloudy
video_0199_19.jpg,cloudy
video_0199_20.jpg,cloudy
video_0199_21.jpg,cloudy
video_0199_22.jpg,cloudy
video_0199_23.jpg,cloudy
video_0199_24.jpg,cloudy
video_0199_25.jpg,cloudy
video_0199_26.jpg,cloudy
video_0199_27.jpg,cloudy
video_0199_28.jpg,cloudy
video_0199_29.jpg,cloudy
video_0199_30.jpg,cloudy
video_0166_0.jpg,clear
video_0166_1.jpg,clear
video_0166_2.jpg,clear
video_0166_3.jpg,clear
video_0166_4.jpg,clear
video_0166_5.jpg,clear
video_0166_6.jpg,clear
video_0172_0.jpg,cloudy
video_0172_1.jpg,cloudy
video_0172_2.jpg,cloudy
video_0172_3.jpg,cloudy
video_0172_4.jpg,cloudy
video_0172_5.jpg,cloudy
video_0012_0.jpg,clear
video_0012_1.jpg,clear
video_0012_2.jpg,clear
video_0012_3.jpg,clear
video_0012_4.jpg,clear
video_0006_0.jpg,clear
video_0006_1.jpg,clear
video_0006_2.jpg,clear
video_0006_3.jpg,clear
video_0006_4.jpg,clear
video_0006_5.jpg,clear
video_0006_6.jpg,clear
video_0006_7.jpg,clear
video_0006_8.jpg,clear
video_0006_9.jpg,clear
video_0006_10.jpg,clear
video_0006_11.jpg,clear
video_0238_0.jpg,cloudy
video_0238_1.jpg,cloudy
video_0238_2.jpg,cloudy
video_0238_3.jpg,cloudy
video_0238_4.jpg,cloudy
video_0238_5.jpg,cloudy
video_0238_6.jpg,cloudy
video_0238_7.jpg,cloudy
video_0210_0.jpg,clear
video_0210_1.jpg,clear
video_0210_2.jpg,clear
video_0210_3.jpg,clear
video_0210_4.jpg,clear
video_0210_5.jpg,clear
video_0204_0.jpg,clear
video_0204_1.jpg,clear
video_0204_2.jpg,clear
video_0204_3.jpg,clear
video_0204_4.jpg,clear
video_0212_0.jpg,clear
video_0212_1.jpg,clear
video_0212_2.jpg,clear
video_0212_3.jpg,clear
video_0212_4.jpg,clear
video_0212_5.jpg,clear
video_0212_6.jpg,clear
video_0206_0.jpg,clear
video_0206_1.jpg,clear
video_0206_2.jpg,clear
video_0206_3.jpg,clear
video_0206_4.jpg,clear
video_0206_5.jpg,clear
video_0010_0.jpg,clear
video_0010_1.jpg,clear
video_0010_2.jpg,clear
video_0010_3.jpg,clear
video_0004_0.jpg,clear
video_0004_1.jpg,clear
video_0004_2.jpg,clear
video_0004_3.jpg,clear
video_0004_4.jpg,clear
video_0004_5.jpg,clear
video_0004_6.jpg,clear
video_0038_0.jpg,clear
video_0038_1.jpg,clear
video_0038_2.jpg,clear
video_0038_3.jpg,clear
video_0038_4.jpg,clear
video_0038_5.jpg,clear
video_0038_6.jpg,clear
video_0038_7.jpg,clear
video_0038_8.jpg,clear
video_0038_9.jpg,clear
video_0038_10.jpg,clear
video_0164_0.jpg,cloudy
video_0164_1.jpg,cloudy
video_0164_2.jpg,cloudy
video_0164_3.jpg,cloudy
video_0164_4.jpg,cloudy
video_0170_0.jpg,rain
video_0170_1.jpg,rain
video_0170_2.jpg,rain
video_0170_3.jpg,rain
video_0158_0.jpg,clear
video_0158_1.jpg,clear
video_0158_2.jpg,clear
video_0158_3.jpg,clear
video_0158_4.jpg,clear
video_0158_5.jpg,clear
video_0159_0.jpg,clear
video_0159_1.jpg,clear
video_0159_2.jpg,clear
video_0159_3.jpg,clear
video_0159_4.jpg,clear
video_0159_5.jpg,clear
video_0159_6.jpg,clear
video_0159_7.jpg,clear
video_0171_0.jpg,cloudy
video_0171_1.jpg,cloudy
video_0171_2.jpg,cloudy
video_0171_3.jpg,cloudy
video_0171_4.jpg,cloudy
video_0165_0.jpg,cloudy
video_0165_1.jpg,cloudy
video_0165_2.jpg,cloudy
video_0165_3.jpg,cloudy
video_0165_4.jpg,cloudy
video_0165_5.jpg,cloudy
video_0165_6.jpg,cloudy
video_0165_7.jpg,cloudy
video_0165_8.jpg,cloudy
video_0039_0.jpg,clear
video_0039_1.jpg,clear
video_0039_2.jpg,clear
video_0039_3.jpg,clear
video_0039_4.jpg,clear
video_0039_5.jpg,clear
video_0039_6.jpg,clear
video_0005_0.jpg,clear
video_0005_1.jpg,clear
video_0005_2.jpg,clear
video_0005_3.jpg,clear
video_0005_4.jpg,clear
video_0005_5.jpg,clear
video_0005_6.jpg,clear
video_0005_7.jpg,clear
video_0005_8.jpg,clear
video_0011_0.jpg,clear
video_0011_1.jpg,clear
video_0011_2.jpg,clear
video_0011_3.jpg,clear
video_0011_4.jpg,clear
video_0011_5.jpg,clear
video_0011_6.jpg,clear
video_0011_7.jpg,clear
video_0011_8.jpg,clear
video_0011_9.jpg,clear
video_0207_0.jpg,clear
video_0207_1.jpg,clear
video_0213_0.jpg,cloudy
video_0213_1.jpg,cloudy
video_0213_2.jpg,cloudy
video_0213_3.jpg,cloudy
video_0213_4.jpg,cloudy
video_0213_5.jpg,cloudy
video_0213_6.jpg,cloudy
video_0213_7.jpg,cloudy
video_0213_8.jpg,cloudy
video_0213_9.jpg,cloudy
video_0213_10.jpg,cloudy
video_0213_11.jpg,cloudy
video_0248_0.jpg,rain
video_0248_1.jpg,rain
video_0248_2.jpg,rain
video_0248_3.jpg,rain
video_0248_4.jpg,rain
video_0248_5.jpg,rain
video_0274_0.jpg,rain
video_0274_1.jpg,rain
video_0274_2.jpg,rain
video_0274_3.jpg,rain
video_0274_4.jpg,rain
video_0274_5.jpg,rain
video_0274_6.jpg,rain
video_0274_7.jpg,rain
video_0274_8.jpg,rain
video_0260_0.jpg,rain
video_0260_1.jpg,rain
video_0260_2.jpg,rain
video_0260_3.jpg,rain
video_0260_4.jpg,rain
video_0260_5.jpg,rain
video_0260_6.jpg,rain
video_0076_0.jpg,clear
video_0076_1.jpg,clear
video_0076_2.jpg,clear
video_0076_3.jpg,clear
video_0076_4.jpg,clear
video_0076_5.jpg,clear
video_0076_6.jpg,clear
video_0076_7.jpg,clear
video_0076_8.jpg,clear
video_0062_0.jpg,clear
video_0062_1.jpg,clear
video_0062_2.jpg,clear
video_0062_3.jpg,clear
video_0062_4.jpg,clear
video_0062_5.jpg,clear
video_0062_6.jpg,clear
video_0062_7.jpg,clear
video_0062_8.jpg,clear
video_0062_9.jpg,clear
video_0062_10.jpg,clear
video_0062_11.jpg,clear
video_0062_12.jpg,clear
video_0062_13.jpg,clear
video_0089_0.jpg,clear
video_0089_1.jpg,clear
video_0089_2.jpg,clear
video_0089_3.jpg,clear
video_0089_4.jpg,clear
video_0089_5.jpg,clear
video_0089_6.jpg,clear
video_0089_7.jpg,clear
video_0089_8.jpg,clear
video_0089_9.jpg,clear
video_0089_10.jpg,clear
video_0089_11.jpg,clear
video_0102_0.jpg,cloudy
video_0102_1.jpg,cloudy
video_0102_2.jpg,cloudy
video_0102_3.jpg,cloudy
video_0102_4.jpg,cloudy
video_0102_5.jpg,cloudy
video_0102_6.jpg,cloudy
video_0102_7.jpg,cloudy
video_0102_8.jpg,cloudy
video_0102_9.jpg,cloudy
video_0102_10.jpg,cloudy
video_0102_11.jpg,cloudy
video_0116_0.jpg,cloudy
video_0116_1.jpg,cloudy
video_0116_2.jpg,cloudy
video_0116_3.jpg,cloudy
video_0116_4.jpg,cloudy
video_0116_5.jpg,cloudy
video_0116_6.jpg,cloudy
video_0116_7.jpg,cloudy
video_0116_8.jpg,cloudy
video_0116_9.jpg,cloudy
video_0328_0.jpg,clear
video_0328_1.jpg,clear
video_0328_2.jpg,clear
video_0328_3.jpg,clear
video_0300_0.jpg,cloudy
video_0300_1.jpg,cloudy
video_0300_2.jpg,cloudy
video_0300_3.jpg,cloudy
video_0300_4.jpg,cloudy
video_0314_0.jpg,cloudy
video_0314_1.jpg,cloudy
video_0314_2.jpg,cloudy
video_0314_3.jpg,cloudy
video_0315_0.jpg,cloudy
video_0315_1.jpg,cloudy
video_0315_2.jpg,cloudy
video_0315_3.jpg,cloudy
video_0315_4.jpg,cloudy
video_0315_5.jpg,cloudy
video_0315_6.jpg,cloudy
video_0301_0.jpg,clear
video_0301_1.jpg,clear
video_0301_2.jpg,clear
video_0301_3.jpg,clear
video_0301_4.jpg,clear
video_0301_5.jpg,clear
video_0301_6.jpg,clear
video_0329_0.jpg,clear
video_0329_1.jpg,clear
video_0329_2.jpg,clear
video_0329_3.jpg,clear
video_0329_4.jpg,clear
video_0329_5.jpg,clear
video_0329_6.jpg,clear
video_0329_7.jpg,clear
video_0329_8.jpg,clear
video_0329_9.jpg,clear
video_0329_10.jpg,clear
video_0117_0.jpg,clear
video_0117_1.jpg,clear
video_0117_2.jpg,clear
video_0117_3.jpg,clear
video_0117_4.jpg,clear
video_0117_5.jpg,clear
video_0117_6.jpg,clear
video_0117_7.jpg,clear
video_0117_8.jpg,clear
video_0117_9.jpg,clear
video_0117_10.jpg,clear
video_0117_11.jpg,clear
video_0117_12.jpg,clear
video_0117_13.jpg,clear
video_0117_14.jpg,clear
video_0117_15.jpg,clear
video_0117_16.jpg,clear
video_0117_17.jpg,clear
video_0117_18.jpg,clear
video_0117_19.jpg,clear
video_0103_0.jpg,clear
video_0103_1.jpg,clear
video_0103_2.jpg,clear
video_0103_3.jpg,clear
video_0103_4.jpg,clear
video_0103_5.jpg,clear
video_0103_6.jpg,clear
video_0103_7.jpg,clear
video_0103_8.jpg,clear
video_0103_9.jpg,clear
video_0103_10.jpg,clear
video_0103_11.jpg,clear
video_0088_0.jpg,cloudy
video_0088_1.jpg,cloudy
video_0088_2.jpg,cloudy
video_0088_3.jpg,cloudy
video_0088_4.jpg,cloudy
video_0088_5.jpg,cloudy
video_0088_6.jpg,cloudy
video_0088_7.jpg,cloudy
video_0063_0.jpg,clear
video_0063_1.jpg,clear
video_0063_2.jpg,clear
video_0063_3.jpg,clear
video_0063_4.jpg,clear
video_0063_5.jpg,clear
video_0063_6.jpg,clear
video_0077_0.jpg,clear
video_0077_1.jpg,clear
video_0077_2.jpg,clear
video_0077_3.jpg,clear
video_0077_4.jpg,clear
video_0077_5.jpg,clear
video_0261_0.jpg,cloudy
video_0261_1.jpg,cloudy
video_0261_2.jpg,cloudy
video_0261_3.jpg,cloudy
video_0261_4.jpg,cloudy
video_0275_0.jpg,rain
video_0275_1.jpg,rain
video_0275_2.jpg,rain
video_0275_3.jpg,rain
video_0275_4.jpg,rain
video_0249_0.jpg,clear
video_0249_1.jpg,clear
video_0249_2.jpg,clear
video_0249_3.jpg,clear
video_0263_0.jpg,clear
video_0263_1.jpg,clear
video_0263_2.jpg,clear
video_0263_3.jpg,clear
video_0277_0.jpg,cloudy
video_0277_1.jpg,cloudy
video_0277_2.jpg,cloudy
video_0277_3.jpg,cloudy
video_0277_4.jpg,cloudy
video_0277_5.jpg,cloudy
video_0277_6.jpg,cloudy
video_0277_7.jpg,cloudy
video_0277_8.jpg,cloudy
video_0277_9.jpg,cloudy
video_0277_10.jpg,cloudy
video_0288_0.jpg,clear
video_0288_1.jpg,clear
video_0288_2.jpg,clear
video_0288_3.jpg,clear
video_0049_0.jpg,clear
video_0049_1.jpg,clear
video_0049_2.jpg,clear
video_0049_3.jpg,clear
video_0049_4.jpg,clear
video_0049_5.jpg,clear
video_0049_6.jpg,clear
video_0049_7.jpg,clear
video_0049_8.jpg,clear
video_0049_9.jpg,clear
video_0061_0.jpg,clear
video_0061_1.jpg,clear
video_0061_2.jpg,clear
video_0061_3.jpg,clear
video_0061_4.jpg,clear
video_0061_5.jpg,clear
video_0061_6.jpg,clear
video_0075_0.jpg,clear
video_0075_1.jpg,clear
video_0075_2.jpg,clear
video_0075_3.jpg,clear
video_0075_4.jpg,clear
video_0075_5.jpg,clear
video_0075_6.jpg,clear
video_0129_0.jpg,cloudy
video_0129_1.jpg,cloudy
video_0129_2.jpg,cloudy
video_0129_3.jpg,cloudy
video_0129_4.jpg,cloudy
video_0115_0.jpg,cloudy
video_0115_1.jpg,cloudy
video_0115_2.jpg,cloudy
video_0115_3.jpg,cloudy
video_0115_4.jpg,cloudy
video_0115_5.jpg,cloudy
video_0115_6.jpg,cloudy
video_0115_7.jpg,cloudy
video_0115_8.jpg,cloudy
video_0115_9.jpg,cloudy
video_0115_10.jpg,cloudy
video_0115_11.jpg,cloudy
video_0115_12.jpg,cloudy
video_0115_13.jpg,cloudy
video_0115_14.jpg,cloudy
video_0101_0.jpg,cloudy
video_0101_1.jpg,cloudy
video_0101_2.jpg,cloudy
video_0101_3.jpg,cloudy
video_0101_4.jpg,cloudy
video_0101_5.jpg,cloudy
video_0101_6.jpg,cloudy
video_0101_7.jpg,cloudy
video_0101_8.jpg,cloudy
video_0101_9.jpg,cloudy
video_0101_10.jpg,cloudy
video_0101_11.jpg,cloudy
video_0317_0.jpg,cloudy
video_0317_1.jpg,cloudy
video_0317_2.jpg,cloudy
video_0317_3.jpg,cloudy
video_0317_4.jpg,cloudy
video_0317_5.jpg,cloudy
video_0317_6.jpg,cloudy
video_0317_7.jpg,cloudy
video_0317_8.jpg,cloudy
video_0303_0.jpg,clear
video_0303_1.jpg,clear
video_0303_2.jpg,clear
video_0303_3.jpg,clear
video_0303_4.jpg,clear
video_0303_5.jpg,clear
video_0302_0.jpg,cloudy
video_0302_1.jpg,cloudy
video_0302_2.jpg,cloudy
video_0302_3.jpg,cloudy
video_0302_4.jpg,cloudy
video_0302_5.jpg,cloudy
video_0316_0.jpg,cloudy
video_0316_1.jpg,cloudy
video_0316_2.jpg,cloudy
video_0316_3.jpg,cloudy
video_0100_0.jpg,rain
video_0100_1.jpg,rain
video_0100_2.jpg,rain
video_0100_3.jpg,rain
video_0100_4.jpg,rain
video_0100_5.jpg,rain
video_0100_6.jpg,rain
video_0100_7.jpg,rain
video_0114_0.jpg,cloudy
video_0114_1.jpg,cloudy
video_0114_2.jpg,cloudy
video_0114_3.jpg,cloudy
video_0114_4.jpg,cloudy
video_0114_5.jpg,cloudy
video_0114_6.jpg,cloudy
video_0114_7.jpg,cloudy
video_0114_8.jpg,cloudy
video_0114_9.jpg,cloudy
video_0128_0.jpg,cloudy
video_0128_1.jpg,cloudy
video_0128_2.jpg,cloudy
video_0128_3.jpg,cloudy
video_0128_4.jpg,cloudy
video_0128_5.jpg,cloudy
video_0128_6.jpg,cloudy
video_0128_7.jpg,cloudy
video_0128_8.jpg,cloudy
video_0128_9.jpg,cloudy
video_0128_10.jpg,cloudy
video_0128_11.jpg,cloudy
video_0074_0.jpg,clear
video_0074_1.jpg,clear
video_0074_2.jpg,clear
video_0074_3.jpg,clear
video_0074_4.jpg,clear
video_0074_5.jpg,clear
video_0074_6.jpg,clear
video_0074_7.jpg,clear
video_0074_8.jpg,clear
video_0074_9.jpg,clear
video_0060_0.jpg,cloudy
video_0060_1.jpg,cloudy
video_0060_2.jpg,cloudy
video_0060_3.jpg,cloudy
video_0060_4.jpg,cloudy
video_0060_5.jpg,cloudy
video_0060_6.jpg,cloudy
video_0060_7.jpg,cloudy
video_0048_0.jpg,cloudy
video_0048_1.jpg,cloudy
video_0048_2.jpg,cloudy
video_0048_3.jpg,cloudy
video_0048_4.jpg,cloudy
video_0048_5.jpg,cloudy
video_0048_6.jpg,cloudy
video_0048_7.jpg,cloudy
video_0289_0.jpg,clear
video_0289_1.jpg,clear
video_0289_2.jpg,clear
video_0289_3.jpg,clear
video_0276_0.jpg,cloudy
video_0276_1.jpg,cloudy
video_0276_2.jpg,cloudy
video_0276_3.jpg,cloudy
video_0276_4.jpg,cloudy
video_0276_5.jpg,cloudy
video_0276_6.jpg,cloudy
video_0276_7.jpg,cloudy
video_0262_0.jpg,cloudy
video_0262_1.jpg,cloudy
video_0262_2.jpg,cloudy
video_0262_3.jpg,cloudy
video_0262_4.jpg,cloudy
video_0262_5.jpg,cloudy
video_0262_6.jpg,cloudy
video_0266_0.jpg,cloudy
video_0266_1.jpg,cloudy
video_0266_2.jpg,cloudy
video_0266_3.jpg,cloudy
video_0266_4.jpg,cloudy
video_0266_5.jpg,cloudy
video_0266_6.jpg,cloudy
video_0266_7.jpg,cloudy
video_0266_8.jpg,cloudy
video_0266_9.jpg,cloudy
video_0266_10.jpg,cloudy
video_0266_11.jpg,cloudy
video_0272_0.jpg,clear
video_0272_1.jpg,clear
video_0272_2.jpg,clear
video_0272_3.jpg,clear
video_0272_4.jpg,clear
video_0272_5.jpg,clear
video_0272_6.jpg,clear
video_0272_7.jpg,clear
video_0299_0.jpg,cloudy
video_0299_1.jpg,cloudy
video_0299_2.jpg,cloudy
video_0299_3.jpg,cloudy
video_0299_4.jpg,cloudy
video_0299_5.jpg,cloudy
video_0064_0.jpg,clear
video_0064_1.jpg,clear
video_0064_2.jpg,clear
video_0064_3.jpg,clear
video_0064_4.jpg,clear
video_0064_5.jpg,clear
video_0064_6.jpg,clear
video_0064_7.jpg,clear
video_0064_8.jpg,clear
video_0064_9.jpg,clear
video_0064_10.jpg,clear
video_0070_0.jpg,cloudy
video_0070_1.jpg,cloudy
video_0070_2.jpg,cloudy
video_0070_3.jpg,cloudy
video_0070_4.jpg,cloudy
video_0070_5.jpg,cloudy
video_0070_6.jpg,cloudy
video_0058_0.jpg,clear
video_0058_1.jpg,clear
video_0058_2.jpg,clear
video_0058_3.jpg,clear
video_0058_4.jpg,clear
video_0058_5.jpg,clear
video_0058_6.jpg,clear
video_0058_7.jpg,clear
video_0058_8.jpg,clear
video_0058_9.jpg,clear
video_0058_10.jpg,clear
video_0058_11.jpg,clear
video_0058_12.jpg,clear
video_0058_13.jpg,clear
video_0110_0.jpg,clear
video_0110_1.jpg,clear
video_0110_2.jpg,clear
video_0110_3.jpg,clear
video_0110_4.jpg,clear
video_0110_5.jpg,clear
video_0110_6.jpg,clear
video_0104_0.jpg,clear
video_0104_1.jpg,clear
video_0104_2.jpg,clear
video_0104_3.jpg,clear
video_0104_4.jpg,clear
video_0138_0.jpg,cloudy
video_0138_1.jpg,cloudy
video_0138_2.jpg,cloudy
video_0138_3.jpg,cloudy
video_0138_4.jpg,cloudy
video_0138_5.jpg,cloudy
video_0138_6.jpg,cloudy
video_0138_7.jpg,cloudy
video_0138_8.jpg,cloudy
video_0138_9.jpg,cloudy
video_0312_0.jpg,cloudy
video_0312_1.jpg,cloudy
video_0312_2.jpg,cloudy
video_0312_3.jpg,cloudy
video_0306_0.jpg,cloudy
video_0306_1.jpg,cloudy
video_0306_2.jpg,cloudy
video_0306_3.jpg,cloudy
video_0306_4.jpg,cloudy
video_0306_5.jpg,cloudy
video_0306_6.jpg,cloudy
video_0306_7.jpg,cloudy
video_0307_0.jpg,clear
video_0307_1.jpg,clear
video_0307_2.jpg,clear
video_0307_3.jpg,clear
video_0307_4.jpg,clear
video_0307_5.jpg,clear
video_0307_6.jpg,clear
video_0307_7.jpg,clear
video_0307_8.jpg,clear
video_0313_0.jpg,cloudy
video_0313_1.jpg,cloudy
video_0313_2.jpg,cloudy
video_0313_3.jpg,cloudy
video_0313_4.jpg,cloudy
video_0313_5.jpg,cloudy
video_0313_6.jpg,cloudy
video_0313_7.jpg,cloudy
video_0313_8.jpg,cloudy
video_0313_9.jpg,cloudy
video_0313_10.jpg,cloudy
video_0313_11.jpg,cloudy
video_0313_12.jpg,cloudy
video_0313_13.jpg,cloudy
video_0313_14.jpg,cloudy
video_0313_15.jpg,cloudy
video_0313_16.jpg,cloudy
video_0313_17.jpg,cloudy
video_0313_18.jpg,cloudy
video_0313_19.jpg,cloudy
video_0139_0.jpg,clear
video_0139_1.jpg,clear
video_0139_2.jpg,clear
video_0139_3.jpg,clear
video_0139_4.jpg,clear
video_0139_5.jpg,clear
video_0139_6.jpg,clear
video_0105_0.jpg,clear
video_0105_1.jpg,clear
video_0105_2.jpg,clear
video_0105_3.jpg,clear
video_0105_4.jpg,clear
video_0105_5.jpg,clear
video_0105_6.jpg,clear
video_0105_7.jpg,clear
video_0105_8.jpg,clear
video_0105_9.jpg,clear
video_0105_10.jpg,clear
video_0105_11.jpg,clear
video_0111_0.jpg,cloudy
video_0111_1.jpg,cloudy
video_0111_2.jpg,cloudy
video_0111_3.jpg,cloudy
video_0111_4.jpg,cloudy
video_0111_5.jpg,cloudy
video_0111_6.jpg,cloudy
video_0111_7.jpg,cloudy
video_0111_8.jpg,cloudy
video_0059_0.jpg,cloudy
video_0059_1.jpg,cloudy
video_0059_2.jpg,cloudy
video_0059_3.jpg,cloudy
video_0059_4.jpg,cloudy
video_0071_0.jpg,clear
video_0071_1.jpg,clear
video_0071_2.jpg,clear
video_0071_3.jpg,clear
video_0071_4.jpg,clear
video_0071_5.jpg,clear
video_0071_6.jpg,clear
video_0071_7.jpg,clear
video_0071_8.jpg,clear
video_0071_9.jpg,clear
video_0071_10.jpg,clear
video_0065_0.jpg,clear
video_0065_1.jpg,clear
video_0065_2.jpg,clear
video_0065_3.jpg,clear
video_0065_4.jpg,clear
video_0065_5.jpg,clear
video_0065_6.jpg,clear
video_0298_0.jpg,clear
video_0298_1.jpg,clear
video_0298_2.jpg,clear
video_0298_3.jpg,clear
video_0298_4.jpg,clear
video_0298_5.jpg,clear
video_0298_6.jpg,clear
video_0298_7.jpg,clear
video_0298_8.jpg,clear
video_0273_0.jpg,rain
video_0273_1.jpg,rain
video_0273_2.jpg,rain
video_0273_3.jpg,rain
video_0267_0.jpg,cloudy
video_0267_1.jpg,cloudy
video_0267_2.jpg,cloudy
video_0267_3.jpg,cloudy
video_0267_4.jpg,cloudy
video_0267_5.jpg,cloudy
video_0267_6.jpg,cloudy
video_0267_7.jpg,cloudy
video_0271_0.jpg,clear
video_0271_1.jpg,clear
video_0271_2.jpg,clear
video_0271_3.jpg,clear
video_0271_4.jpg,clear
video_0271_5.jpg,clear
video_0271_6.jpg,clear
video_0271_7.jpg,clear
video_0271_8.jpg,clear
video_0265_0.jpg,cloudy
video_0265_1.jpg,cloudy
video_0265_2.jpg,cloudy
video_0265_3.jpg,cloudy
video_0265_4.jpg,cloudy
video_0259_0.jpg,clear
video_0259_1.jpg,clear
video_0259_2.jpg,clear
video_0259_3.jpg,clear
video_0259_4.jpg,clear
video_0073_0.jpg,clear
video_0073_1.jpg,clear
video_0073_2.jpg,clear
video_0073_3.jpg,clear
video_0067_0.jpg,cloudy
video_0067_1.jpg,cloudy
video_0067_2.jpg,cloudy
video_0067_3.jpg,cloudy
video_0067_4.jpg,cloudy
video_0067_5.jpg,cloudy
video_0067_6.jpg,cloudy
video_0067_7.jpg,cloudy
video_0067_8.jpg,cloudy
video_0098_0.jpg,clear
video_0098_1.jpg,clear
video_0098_2.jpg,clear
video_0098_3.jpg,clear
video_0098_4.jpg,clear
video_0098_5.jpg,clear
video_0098_6.jpg,clear
video_0098_7.jpg,clear
video_0107_0.jpg,clear
video_0107_1.jpg,clear
video_0107_2.jpg,clear
video_0107_3.jpg,clear
video_0107_4.jpg,clear
video_0107_5.jpg,clear
video_0113_0.jpg,clear
video_0113_1.jpg,clear
video_0113_2.jpg,clear
video_0113_3.jpg,clear
video_0113_4.jpg,clear
video_0113_5.jpg,clear
video_0113_6.jpg,clear
video_0113_7.jpg,clear
video_0305_0.jpg,cloudy
video_0305_1.jpg,cloudy
video_0305_2.jpg,cloudy
video_0305_3.jpg,cloudy
video_0305_4.jpg,cloudy
video_0311_0.jpg,cloudy
video_0311_1.jpg,cloudy
video_0311_2.jpg,cloudy
video_0311_3.jpg,cloudy
video_0311_4.jpg,cloudy
video_0339_0.jpg,cloudy
video_0339_1.jpg,cloudy
video_0339_2.jpg,cloudy
video_0339_3.jpg,cloudy
video_0339_4.jpg,cloudy
video_0339_5.jpg,cloudy
video_0339_6.jpg,cloudy
video_0338_0.jpg,cloudy
video_0338_1.jpg,cloudy
video_0338_2.jpg,cloudy
video_0338_3.jpg,cloudy
video_0338_4.jpg,cloudy
video_0338_5.jpg,cloudy
video_0338_6.jpg,cloudy
video_0310_0.jpg,cloudy
video_0310_1.jpg,cloudy
video_0310_2.jpg,cloudy
video_0310_3.jpg,cloudy
video_0310_4.jpg,cloudy
video_0304_0.jpg,clear
video_0304_1.jpg,clear
video_0304_2.jpg,clear
video_0304_3.jpg,clear
video_0112_0.jpg,clear
video_0112_1.jpg,clear
video_0112_2.jpg,clear
video_0112_3.jpg,clear
video_0112_4.jpg,clear
video_0112_5.jpg,clear
video_0112_6.jpg,clear
video_0112_7.jpg,clear
video_0106_0.jpg,clear
video_0106_1.jpg,clear
video_0106_2.jpg,clear
video_0106_3.jpg,clear
video_0106_4.jpg,clear
video_0106_5.jpg,clear
video_0099_0.jpg,rain
video_0099_1.jpg,rain
video_0099_2.jpg,rain
video_0099_3.jpg,rain
video_0099_4.jpg,rain
video_0099_5.jpg,rain
video_0066_0.jpg,clear
video_0066_1.jpg,clear
video_0066_2.jpg,clear
video_0066_3.jpg,clear
video_0066_4.jpg,clear
video_0066_5.jpg,clear
video_0066_6.jpg,clear
video_0066_7.jpg,clear
video_0066_8.jpg,clear
video_0066_9.jpg,clear
video_0066_10.jpg,clear
video_0066_11.jpg,clear
video_0072_0.jpg,clear
video_0072_1.jpg,clear
video_0072_2.jpg,clear
video_0072_3.jpg,clear
video_0072_4.jpg,clear
video_0072_5.jpg,clear
video_0072_6.jpg,clear
video_0258_0.jpg,rain
video_0258_1.jpg,rain
video_0258_2.jpg,rain
video_0258_3.jpg,rain
video_0258_4.jpg,rain
video_0258_5.jpg,rain
video_0264_0.jpg,clear
video_0264_1.jpg,clear
video_0264_2.jpg,clear
video_0264_3.jpg,clear
video_0264_4.jpg,clear
video_0270_0.jpg,clear
video_0270_1.jpg,clear
video_0270_2.jpg,clear
video_0270_3.jpg,clear
video_0270_4.jpg,clear
video_0270_5.jpg,clear
video_0269_0.jpg,cloudy
video_0269_1.jpg,cloudy
video_0269_2.jpg,cloudy
video_0269_3.jpg,cloudy
video_0269_4.jpg,cloudy
video_0269_5.jpg,cloudy
video_0269_6.jpg,cloudy
video_0269_7.jpg,cloudy
video_0269_8.jpg,cloudy
video_0269_9.jpg,cloudy
video_0269_10.jpg,cloudy
video_0269_11.jpg,cloudy
video_0269_12.jpg,cloudy
video_0255_0.jpg,clear
video_0255_1.jpg,clear
video_0255_2.jpg,clear
video_0255_3.jpg,clear
video_0255_4.jpg,clear
video_0255_5.jpg,clear
video_0255_6.jpg,clear
video_0255_7.jpg,clear
video_0255_8.jpg,clear
video_0255_9.jpg,clear
video_0241_0.jpg,clear
video_0241_1.jpg,clear
video_0241_2.jpg,clear
video_0241_3.jpg,clear
video_0241_4.jpg,clear
video_0296_0.jpg,cloudy
video_0296_1.jpg,cloudy
video_0296_2.jpg,cloudy
video_0296_3.jpg,cloudy
video_0296_4.jpg,cloudy
video_0296_5.jpg,cloudy
video_0296_6.jpg,cloudy
video_0296_7.jpg,cloudy
video_0296_8.jpg,cloudy
video_0296_9.jpg,cloudy
video_0296_10.jpg,cloudy
video_0296_11.jpg,cloudy
video_0296_12.jpg,cloudy
video_0296_13.jpg,cloudy
video_0296_14.jpg,cloudy
video_0296_15.jpg,cloudy
video_0296_16.jpg,cloudy
video_0296_17.jpg,cloudy
video_0296_18.jpg,cloudy
video_0296_19.jpg,cloudy
video_0282_0.jpg,cloudy
video_0282_1.jpg,cloudy
video_0282_2.jpg,cloudy
video_0282_3.jpg,cloudy
video_0282_4.jpg,cloudy
video_0282_5.jpg,cloudy
video_0282_6.jpg,cloudy
video_0282_7.jpg,cloudy
video_0282_8.jpg,cloudy
video_0043_0.jpg,cloudy
video_0043_1.jpg,cloudy
video_0043_2.jpg,cloudy
video_0043_3.jpg,cloudy
video_0043_4.jpg,cloudy
video_0043_5.jpg,cloudy
video_0043_6.jpg,cloudy
video_0043_7.jpg,cloudy
video_0043_8.jpg,cloudy
video_0043_9.jpg,cloudy
video_0043_10.jpg,cloudy
video_0043_11.jpg,cloudy
video_0043_12.jpg,cloudy
video_0043_13.jpg,cloudy
video_0043_14.jpg,cloudy
video_0043_15.jpg,cloudy
video_0094_0.jpg,clear
video_0094_1.jpg,clear
video_0094_2.jpg,clear
video_0094_3.jpg,clear
video_0094_4.jpg,clear
video_0094_5.jpg,clear
video_0094_6.jpg,clear
video_0094_7.jpg,clear
video_0094_8.jpg,clear
video_0094_9.jpg,clear
video_0080_0.jpg,cloudy
video_0080_1.jpg,cloudy
video_0080_2.jpg,cloudy
video_0080_3.jpg,cloudy
video_0080_4.jpg,cloudy
video_0080_5.jpg,cloudy
video_0080_6.jpg,cloudy
video_0080_7.jpg,cloudy
video_0080_8.jpg,cloudy
video_0123_0.jpg,rain
video_0123_1.jpg,rain
video_0123_2.jpg,rain
video_0123_3.jpg,rain
video_0123_4.jpg,rain
video_0137_0.jpg,rain
video_0137_1.jpg,rain
video_0137_2.jpg,rain
video_0137_3.jpg,rain
video_0137_4.jpg,rain
video_0137_5.jpg,rain
video_0137_6.jpg,rain
video_0309_0.jpg,cloudy
video_0309_1.jpg,cloudy
video_0309_2.jpg,cloudy
video_0321_0.jpg,cloudy
video_0321_1.jpg,cloudy
video_0321_2.jpg,cloudy
video_0321_3.jpg,cloudy
video_0335_0.jpg,clear
video_0335_1.jpg,clear
video_0335_2.jpg,clear
video_0335_3.jpg,clear
video_0335_4.jpg,clear
video_0335_5.jpg,clear
video_0335_6.jpg,clear
video_0334_0.jpg,cloudy
video_0334_1.jpg,cloudy
video_0334_2.jpg,cloudy
video_0334_3.jpg,cloudy
video_0334_4.jpg,cloudy
video_0334_5.jpg,cloudy
video_0334_6.jpg,cloudy
video_0334_7.jpg,cloudy
video_0334_8.jpg,cloudy
video_0334_9.jpg,cloudy
video_0320_0.jpg,cloudy
video_0320_1.jpg,cloudy
video_0320_2.jpg,cloudy
video_0320_3.jpg,cloudy
video_0320_4.jpg,cloudy
video_0320_5.jpg,cloudy
video_0308_0.jpg,cloudy
video_0308_1.jpg,cloudy
video_0308_2.jpg,cloudy
video_0308_3.jpg,cloudy
video_0308_4.jpg,cloudy
video_0308_5.jpg,cloudy
video_0308_6.jpg,cloudy
video_0136_0.jpg,clear
video_0136_1.jpg,clear
video_0136_2.jpg,clear
video_0136_3.jpg,clear
video_0136_4.jpg,clear
video_0136_5.jpg,clear
video_0136_6.jpg,clear
video_0136_7.jpg,clear
video_0122_0.jpg,cloudy
video_0122_1.jpg,cloudy
video_0122_2.jpg,cloudy
video_0122_3.jpg,cloudy
video_0122_4.jpg,cloudy
video_0122_5.jpg,cloudy
video_0081_0.jpg,clear
video_0081_1.jpg,clear
video_0081_2.jpg,clear
video_0081_3.jpg,clear
video_0081_4.jpg,clear
video_0095_0.jpg,clear
video_0095_1.jpg,clear
video_0095_2.jpg,clear
video_0095_3.jpg,clear
video_0095_4.jpg,clear
video_0095_5.jpg,clear
video_0095_6.jpg,clear
video_0095_7.jpg,clear
video_0042_0.jpg,cloudy
video_0042_1.jpg,cloudy
video_0042_2.jpg,cloudy
video_0042_3.jpg,cloudy
video_0042_4.jpg,cloudy
video_0042_5.jpg,cloudy
video_0042_6.jpg,cloudy
video_0042_7.jpg,cloudy
video_0042_8.jpg,cloudy
video_0042_9.jpg,cloudy
video_0056_0.jpg,rain
video_0056_1.jpg,rain
video_0056_2.jpg,rain
video_0056_3.jpg,rain
video_0056_4.jpg,rain
video_0056_5.jpg,rain
video_0056_6.jpg,rain
video_0056_7.jpg,rain
video_0056_8.jpg,rain
video_0056_9.jpg,rain
video_0283_0.jpg,clear
video_0283_1.jpg,clear
video_0283_2.jpg,clear
video_0297_0.jpg,cloudy
video_0297_1.jpg,cloudy
video_0297_2.jpg,cloudy
video_0297_3.jpg,cloudy
video_0297_4.jpg,cloudy
video_0297_5.jpg,cloudy
video_0297_6.jpg,cloudy
video_0297_7.jpg,cloudy
video_0297_8.jpg,cloudy
video_0297_9.jpg,cloudy
video_0297_10.jpg,cloudy
video_0297_11.jpg,cloudy
video_0297_12.jpg,cloudy
video_0240_0.jpg,rain
video_0240_1.jpg,rain
video_0240_2.jpg,rain
video_0240_3.jpg,rain
video_0240_4.jpg,rain
video_0240_5.jpg,rain
video_0240_6.jpg,rain
video_0254_0.jpg,clear
video_0254_1.jpg,clear
video_0254_2.jpg,clear
video_0254_3.jpg,clear
video_0254_4.jpg,clear
video_0268_0.jpg,cloudy
video_0268_1.jpg,cloudy
video_0268_2.jpg,cloudy
video_0268_3.jpg,cloudy
video_0268_4.jpg,cloudy
video_0268_5.jpg,cloudy
video_0268_6.jpg,cloudy
video_0268_7.jpg,cloudy
video_0242_0.jpg,clear
video_0242_1.jpg,clear
video_0242_2.jpg,clear
video_0242_3.jpg,clear
video_0242_4.jpg,clear
video_0242_5.jpg,clear
video_0256_0.jpg,clear
video_0256_1.jpg,clear
video_0256_2.jpg,clear
video_0256_3.jpg,clear
video_0281_0.jpg,cloudy
video_0281_1.jpg,cloudy
video_0281_2.jpg,cloudy
video_0281_3.jpg,cloudy
video_0281_4.jpg,cloudy
video_0281_5.jpg,cloudy
video_0281_6.jpg,cloudy
video_0281_7.jpg,cloudy
video_0295_0.jpg,cloudy
video_0295_1.jpg,cloudy
video_0295_2.jpg,cloudy
video_0295_3.jpg,cloudy
video_0295_4.jpg,cloudy
video_0295_5.jpg,cloudy
video_0295_6.jpg,cloudy
video_0295_7.jpg,cloudy
video_0295_8.jpg,cloudy
video_0295_9.jpg,cloudy
video_0295_10.jpg,cloudy
video_0068_0.jpg,clear
video_0068_1.jpg,clear
video_0068_2.jpg,clear
video_0068_3.jpg,clear
video_0068_4.jpg,clear
video_0040_0.jpg,clear
video_0040_1.jpg,clear
video_0040_2.jpg,clear
video_0040_3.jpg,clear
video_0040_4.jpg,clear
video_0054_0.jpg,cloudy
video_0054_1.jpg,cloudy
video_0054_2.jpg,cloudy
video_0054_3.jpg,cloudy
video_0054_4.jpg,cloudy
video_0054_5.jpg,cloudy
video_0054_6.jpg,cloudy
video_0054_7.jpg,cloudy
video_0054_8.jpg,cloudy
video_0054_9.jpg,cloudy
video_0054_10.jpg,cloudy
video_0054_11.jpg,cloudy
video_0054_12.jpg,cloudy
video_0083_0.jpg,cloudy
video_0083_1.jpg,cloudy
video_0083_2.jpg,cloudy
video_0083_3.jpg,cloudy
video_0083_4.jpg,cloudy
video_0083_5.jpg,cloudy
video_0083_6.jpg,cloudy
video_0083_7.jpg,cloudy
video_0097_0.jpg,cloudy
video_0097_1.jpg,cloudy
video_0097_2.jpg,cloudy
video_0097_3.jpg,cloudy
video_0097_4.jpg,cloudy
video_0097_5.jpg,cloudy
video_0097_6.jpg,cloudy
video_0097_7.jpg,cloudy
video_0108_0.jpg,cloudy
video_0108_1.jpg,cloudy
video_0108_2.jpg,cloudy
video_0108_3.jpg,cloudy
video_0108_4.jpg,cloudy
video_0108_5.jpg,cloudy
video_0108_6.jpg,cloudy
video_0108_7.jpg,cloudy
video_0108_8.jpg,cloudy
video_0108_9.jpg,cloudy
video_0134_0.jpg,clear
video_0134_1.jpg,clear
video_0134_2.jpg,clear
video_0134_3.jpg,clear
video_0134_4.jpg,clear
video_0134_5.jpg,clear
video_0134_6.jpg,clear
video_0134_7.jpg,clear
video_0134_8.jpg,clear
video_0134_9.jpg,clear
video_0134_10.jpg,clear
video_0134_11.jpg,clear
video_0134_12.jpg,clear
video_0134_13.jpg,clear
video_0134_14.jpg,clear
video_0134_15.jpg,clear
video_0134_16.jpg,clear
video_0134_17.jpg,clear
video_0134_18.jpg,clear
video_0134_19.jpg,clear
video_0120_0.jpg,cloudy
video_0120_1.jpg,cloudy
video_0120_2.jpg,cloudy
video_0120_3.jpg,cloudy
video_0120_4.jpg,cloudy
video_0120_5.jpg,cloudy
video_0120_6.jpg,cloudy
video_0120_7.jpg,cloudy
video_0336_0.jpg,cloudy
video_0336_1.jpg,cloudy
video_0336_2.jpg,cloudy
video_0336_3.jpg,cloudy
video_0336_4.jpg,cloudy
video_0336_5.jpg,cloudy
video_0322_0.jpg,cloudy
video_0322_1.jpg,cloudy
video_0322_2.jpg,cloudy
video_0322_3.jpg,cloudy
video_0322_4.jpg,cloudy
video_0322_5.jpg,cloudy
video_0322_6.jpg,cloudy
video_0322_7.jpg,cloudy
video_0322_8.jpg,cloudy
video_0323_0.jpg,cloudy
video_0323_1.jpg,cloudy
video_0323_2.jpg,cloudy
video_0323_3.jpg,cloudy
video_0323_4.jpg,cloudy
video_0323_5.jpg,cloudy
video_0323_6.jpg,cloudy
video_0323_7.jpg,cloudy
video_0337_0.jpg,clear
video_0337_1.jpg,clear
video_0337_2.jpg,clear
video_0337_3.jpg,clear
video_0121_0.jpg,cloudy
video_0121_1.jpg,cloudy
video_0121_2.jpg,cloudy
video_0121_3.jpg,cloudy
video_0121_4.jpg,cloudy
video_0121_5.jpg,cloudy
video_0121_6.jpg,cloudy
video_0121_7.jpg,cloudy
video_0121_8.jpg,cloudy
video_0121_9.jpg,cloudy
video_0121_10.jpg,cloudy
video_0121_11.jpg,cloudy
video_0135_0.jpg,cloudy
video_0135_1.jpg,cloudy
video_0135_2.jpg,cloudy
video_0135_3.jpg,cloudy
video_0135_4.jpg,cloudy
video_0135_5.jpg,cloudy
video_0135_6.jpg,cloudy
video_0135_7.jpg,cloudy
video_0135_8.jpg,cloudy
video_0135_9.jpg,cloudy
video_0135_10.jpg,cloudy
video_0135_11.jpg,cloudy
video_0135_12.jpg,cloudy
video_0135_13.jpg,cloudy
video_0135_14.jpg,cloudy
video_0135_15.jpg,cloudy
video_0135_16.jpg,cloudy
video_0109_0.jpg,cloudy
video_0109_1.jpg,cloudy
video_0109_2.jpg,cloudy
video_0109_3.jpg,cloudy
video_0109_4.jpg,cloudy
video_0109_5.jpg,cloudy
video_0109_6.jpg,cloudy
video_0109_7.jpg,cloudy
video_0109_8.jpg,cloudy
video_0109_9.jpg,cloudy
video_0109_10.jpg,cloudy
video_0109_11.jpg,cloudy
video_0096_0.jpg,clear
video_0096_1.jpg,clear
video_0096_2.jpg,clear
video_0096_3.jpg,clear
video_0096_4.jpg,clear
video_0096_5.jpg,clear
video_0096_6.jpg,clear
video_0096_7.jpg,clear
video_0082_0.jpg,clear
video_0082_1.jpg,clear
video_0082_2.jpg,clear
video_0082_3.jpg,clear
video_0082_4.jpg,clear
video_0082_5.jpg,clear
video_0055_0.jpg,cloudy
video_0055_1.jpg,cloudy
video_0055_2.jpg,cloudy
video_0055_3.jpg,cloudy
video_0055_4.jpg,cloudy
video_0055_5.jpg,cloudy
video_0055_6.jpg,cloudy
video_0055_7.jpg,cloudy
video_0041_0.jpg,clear
video_0041_1.jpg,clear
video_0041_2.jpg,clear
video_0041_3.jpg,clear
video_0041_4.jpg,clear
video_0041_5.jpg,clear
video_0041_6.jpg,clear
video_0069_0.jpg,cloudy
video_0069_1.jpg,cloudy
video_0069_2.jpg,cloudy
video_0069_3.jpg,cloudy
video_0069_4.jpg,cloudy
video_0294_0.jpg,cloudy
video_0294_1.jpg,cloudy
video_0294_2.jpg,cloudy
video_0294_3.jpg,cloudy
video_0294_4.jpg,cloudy
video_0294_5.jpg,cloudy
video_0294_6.jpg,cloudy
video_0280_0.jpg,clear
video_0280_1.jpg,clear
video_0280_2.jpg,clear
video_0280_3.jpg,clear
video_0280_4.jpg,clear
video_0257_0.jpg,cloudy
video_0257_1.jpg,cloudy
video_0257_2.jpg,cloudy
video_0257_3.jpg,cloudy
video_0257_4.jpg,cloudy
video_0257_5.jpg,cloudy
video_0257_6.jpg,cloudy
video_0243_0.jpg,clear
video_0243_1.jpg,clear
video_0243_2.jpg,clear
video_0243_3.jpg,clear
video_0243_4.jpg,clear
video_0243_5.jpg,clear
video_0247_0.jpg,cloudy
video_0247_1.jpg,cloudy
video_0247_2.jpg,cloudy
video_0247_3.jpg,cloudy
video_0247_4.jpg,cloudy
video_0247_5.jpg,cloudy
video_0247_6.jpg,cloudy
video_0253_0.jpg,cloudy
video_0253_1.jpg,cloudy
video_0253_2.jpg,cloudy
video_0253_3.jpg,cloudy
video_0253_4.jpg,cloudy
video_0253_5.jpg,cloudy
video_0284_0.jpg,clear
video_0284_1.jpg,clear
video_0284_2.jpg,clear
video_0290_0.jpg,clear
video_0290_1.jpg,clear
video_0290_2.jpg,clear
video_0290_3.jpg,clear
video_0045_0.jpg,clear
video_0045_1.jpg,clear
video_0045_2.jpg,clear
video_0045_3.jpg,clear
video_0045_4.jpg,clear
video_0045_5.jpg,clear
video_0051_0.jpg,clear
video_0051_1.jpg,clear
video_0051_2.jpg,clear
video_0051_3.jpg,clear
video_0051_4.jpg,clear
video_0051_5.jpg,clear
video_0051_6.jpg,clear
video_0051_7.jpg,clear
video_0051_8.jpg,clear
video_0051_9.jpg,clear
video_0079_0.jpg,clear
video_0079_1.jpg,clear
video_0079_2.jpg,clear
video_0079_3.jpg,clear
video_0079_4.jpg,clear
video_0079_5.jpg,clear
video_0079_6.jpg,clear
video_0079_7.jpg,clear
video_0086_0.jpg,cloudy
video_0086_1.jpg,cloudy
video_0086_2.jpg,cloudy
video_0086_3.jpg,cloudy
video_0086_4.jpg,cloudy
video_0086_5.jpg,cloudy
video_0092_0.jpg,cloudy
video_0092_1.jpg,cloudy
video_0092_2.jpg,cloudy
video_0092_3.jpg,cloudy
video_0092_4.jpg,cloudy
video_0092_5.jpg,cloudy
video_0131_0.jpg,clear
video_0131_1.jpg,clear
video_0131_2.jpg,clear
video_0131_3.jpg,clear
video_0131_4.jpg,clear
video_0131_5.jpg,clear
video_0131_6.jpg,clear
video_0131_7.jpg,clear
video_0125_0.jpg,clear
video_0125_1.jpg,clear
video_0125_2.jpg,clear
video_0125_3.jpg,clear
video_0125_4.jpg,clear
video_0125_5.jpg,clear
video_0125_6.jpg,clear
video_0125_7.jpg,clear
video_0119_0.jpg,cloudy
video_0119_1.jpg,cloudy
video_0119_2.jpg,cloudy
video_0119_3.jpg,cloudy
video_0119_4.jpg,cloudy
video_0119_5.jpg,cloudy
video_0119_6.jpg,cloudy
video_0333_0.jpg,cloudy
video_0333_1.jpg,cloudy
video_0333_2.jpg,cloudy
video_0333_3.jpg,cloudy
video_0333_4.jpg,cloudy
video_0333_5.jpg,cloudy
video_0333_6.jpg,cloudy
video_0327_0.jpg,clear
video_0327_1.jpg,clear
video_0327_2.jpg,clear
video_0327_3.jpg,clear
video_0327_4.jpg,clear
video_0326_0.jpg,clear
video_0326_1.jpg,clear
video_0326_2.jpg,clear
video_0326_3.jpg,clear
video_0326_4.jpg,clear
video_0326_5.jpg,clear
video_0332_0.jpg,cloudy
video_0332_1.jpg,cloudy
video_0332_2.jpg,cloudy
video_0332_3.jpg,cloudy
video_0332_4.jpg,cloudy
video_0332_5.jpg,cloudy
video_0332_6.jpg,cloudy
video_0332_7.jpg,cloudy
video_0332_8.jpg,cloudy
video_0332_9.jpg,cloudy
video_0332_10.jpg,cloudy
video_0118_0.jpg,cloudy
video_0118_1.jpg,cloudy
video_0118_2.jpg,cloudy
video_0118_3.jpg,cloudy
video_0118_4.jpg,cloudy
video_0118_5.jpg,cloudy
video_0118_6.jpg,cloudy
video_0118_7.jpg,cloudy
video_0124_0.jpg,clear
video_0124_1.jpg,clear
video_0124_2.jpg,clear
video_0124_3.jpg,clear
video_0124_4.jpg,clear
video_0124_5.jpg,clear
video_0124_6.jpg,clear
video_0124_7.jpg,clear
video_0124_8.jpg,clear
video_0124_9.jpg,clear
video_0124_10.jpg,clear
video_0124_11.jpg,clear
video_0124_12.jpg,clear
video_0124_13.jpg,clear
video_0124_14.jpg,clear
video_0130_0.jpg,clear
video_0130_1.jpg,clear
video_0130_2.jpg,clear
video_0130_3.jpg,clear
video_0130_4.jpg,clear
video_0093_0.jpg,rain
video_0093_1.jpg,rain
video_0093_2.jpg,rain
video_0093_3.jpg,rain
video_0093_4.jpg,rain
video_0093_5.jpg,rain
video_0093_6.jpg,rain
video_0093_7.jpg,rain
video_0093_8.jpg,rain
video_0093_9.jpg,rain
video_0087_0.jpg,rain
video_0087_1.jpg,rain
video_0087_2.jpg,rain
video_0087_3.jpg,rain
video_0087_4.jpg,rain
video_0087_5.jpg,rain
video_0087_6.jpg,rain
video_0087_7.jpg,rain
video_0087_8.jpg,rain
video_0087_9.jpg,rain
video_0078_0.jpg,clear
video_0078_1.jpg,clear
video_0078_2.jpg,clear
video_0078_3.jpg,clear
video_0078_4.jpg,clear
video_0078_5.jpg,clear
video_0078_6.jpg,clear
video_0078_7.jpg,clear
video_0078_8.jpg,clear
video_0078_9.jpg,clear
video_0050_0.jpg,clear
video_0050_1.jpg,clear
video_0050_2.jpg,clear
video_0050_3.jpg,clear
video_0050_4.jpg,clear
video_0050_5.jpg,clear
video_0050_6.jpg,clear
video_0050_7.jpg,clear
video_0050_8.jpg,clear
video_0050_9.jpg,clear
video_0044_0.jpg,cloudy
video_0044_1.jpg,cloudy
video_0044_2.jpg,cloudy
video_0044_3.jpg,cloudy
video_0044_4.jpg,cloudy
video_0044_5.jpg,cloudy
video_0044_6.jpg,cloudy
video_0044_7.jpg,cloudy
video_0291_0.jpg,cloudy
video_0291_1.jpg,cloudy
video_0291_2.jpg,cloudy
video_0291_3.jpg,cloudy
video_0291_4.jpg,cloudy
video_0291_5.jpg,cloudy
video_0291_6.jpg,cloudy
video_0285_0.jpg,clear
video_0285_1.jpg,clear
video_0285_2.jpg,clear
video_0285_3.jpg,clear
video_0285_4.jpg,clear
video_0285_5.jpg,clear
video_0252_0.jpg,clear
video_0252_1.jpg,clear
video_0252_2.jpg,clear
video_0252_3.jpg,clear
video_0252_4.jpg,clear
video_0246_0.jpg,rain
video_0246_1.jpg,rain
video_0246_2.jpg,rain
video_0246_3.jpg,rain
video_0246_4.jpg,rain
video_0246_5.jpg,rain
video_0246_6.jpg,rain
video_0246_7.jpg,rain
video_0250_0.jpg,clear
video_0250_1.jpg,clear
video_0250_2.jpg,clear
video_0250_3.jpg,clear
video_0244_0.jpg,clear
video_0244_1.jpg,clear
video_0244_2.jpg,clear
video_0244_3.jpg,clear
video_0244_4.jpg,clear
video_0244_5.jpg,clear
video_0244_6.jpg,clear
video_0244_7.jpg,clear
video_0278_0.jpg,clear
video_0278_1.jpg,clear
video_0278_2.jpg,clear
video_0278_3.jpg,clear
video_0293_0.jpg,clear
video_0293_1.jpg,clear
video_0293_2.jpg,clear
video_0293_3.jpg,clear
video_0293_4.jpg,clear
video_0293_5.jpg,clear
video_0293_6.jpg,clear
video_0293_7.jpg,clear
video_0293_8.jpg,clear
video_0287_0.jpg,clear
video_0287_1.jpg,clear
video_0287_2.jpg,clear
video_0287_3.jpg,clear
video_0287_4.jpg,clear
video_0287_5.jpg,clear
video_0052_0.jpg,clear
video_0052_1.jpg,clear
video_0052_2.jpg,clear
video_0052_3.jpg,clear
video_0052_4.jpg,clear
video_0052_5.jpg,clear
video_0046_0.jpg,clear
video_0046_1.jpg,clear
video_0046_2.jpg,clear
video_0046_3.jpg,clear
video_0046_4.jpg,clear
video_0046_5.jpg,clear
video_0046_6.jpg,clear
video_0046_7.jpg,clear
video_0091_0.jpg,rain
video_0091_1.jpg,rain
video_0091_2.jpg,rain
video_0091_3.jpg,rain
video_0091_4.jpg,rain
video_0091_5.jpg,rain
video_0085_0.jpg,cloudy
video_0085_1.jpg,cloudy
video_0085_2.jpg,cloudy
video_0085_3.jpg,cloudy
video_0085_4.jpg,cloudy
video_0085_5.jpg,cloudy
video_0085_6.jpg,cloudy
video_0085_7.jpg,cloudy
video_0085_8.jpg,cloudy
video_0126_0.jpg,clear
video_0126_1.jpg,clear
video_0126_2.jpg,clear
video_0126_3.jpg,clear
video_0126_4.jpg,clear
video_0126_5.jpg,clear
video_0126_6.jpg,clear
video_0126_7.jpg,clear
video_0126_8.jpg,clear
video_0126_9.jpg,clear
video_0132_0.jpg,snow
video_0132_1.jpg,snow
video_0132_2.jpg,snow
video_0132_3.jpg,snow
video_0132_4.jpg,snow
video_0132_5.jpg,snow
video_0132_6.jpg,snow
video_0132_7.jpg,snow
video_0132_8.jpg,snow
video_0132_9.jpg,snow
video_0324_0.jpg,clear
video_0324_1.jpg,clear
video_0324_2.jpg,clear
video_0324_3.jpg,clear
video_0324_4.jpg,clear
video_0324_5.jpg,clear
video_0324_6.jpg,clear
video_0324_7.jpg,clear
video_0330_0.jpg,clear
video_0330_1.jpg,clear
video_0330_2.jpg,clear
video_0330_3.jpg,clear
video_0318_0.jpg,cloudy
video_0318_1.jpg,cloudy
video_0318_2.jpg,cloudy
video_0318_3.jpg,cloudy
video_0318_4.jpg,cloudy
video_0318_5.jpg,cloudy
video_0318_6.jpg,cloudy
video_0318_7.jpg,cloudy
video_0319_0.jpg,cloudy
video_0319_1.jpg,cloudy
video_0319_2.jpg,cloudy
video_0319_3.jpg,cloudy
video_0331_0.jpg,clear
video_0331_1.jpg,clear
video_0331_2.jpg,clear
video_0331_3.jpg,clear
video_0331_4.jpg,clear
video_0331_5.jpg,clear
video_0331_6.jpg,clear
video_0331_7.jpg,clear
video_0331_8.jpg,clear
video_0331_9.jpg,clear
video_0325_0.jpg,clear
video_0325_1.jpg,clear
video_0325_2.jpg,clear
video_0325_3.jpg,clear
video_0325_4.jpg,clear
video_0133_0.jpg,clear
video_0133_1.jpg,clear
video_0133_2.jpg,clear
video_0133_3.jpg,clear
video_0133_4.jpg,clear
video_0133_5.jpg,clear
video_0133_6.jpg,clear
video_0127_0.jpg,cloudy
video_0127_1.jpg,cloudy
video_0127_2.jpg,cloudy
video_0127_3.jpg,cloudy
video_0127_4.jpg,cloudy
video_0127_5.jpg,cloudy
video_0127_6.jpg,cloudy
video_0127_7.jpg,cloudy
video_0127_8.jpg,cloudy
video_0127_9.jpg,cloudy
video_0127_10.jpg,cloudy
video_0127_11.jpg,cloudy
video_0084_0.jpg,clear
video_0084_1.jpg,clear
video_0084_2.jpg,clear
video_0084_3.jpg,clear
video_0084_4.jpg,clear
video_0084_5.jpg,clear
video_0084_6.jpg,clear
video_0084_7.jpg,clear
video_0084_8.jpg,clear
video_0084_9.jpg,clear
video_0090_0.jpg,clear
video_0090_1.jpg,clear
video_0090_2.jpg,clear
video_0090_3.jpg,clear
video_0090_4.jpg,clear
video_0090_5.jpg,clear
video_0090_6.jpg,clear
video_0090_7.jpg,clear
video_0090_8.jpg,clear
video_0090_9.jpg,clear
video_0047_0.jpg,cloudy
video_0047_1.jpg,cloudy
video_0047_2.jpg,cloudy
video_0047_3.jpg,cloudy
video_0047_4.jpg,cloudy
video_0047_5.jpg,cloudy
video_0053_0.jpg,clear
video_0053_1.jpg,clear
video_0053_2.jpg,clear
video_0053_3.jpg,clear
video_0053_4.jpg,clear
video_0286_0.jpg,clear
video_0286_1.jpg,clear
video_0286_2.jpg,clear
video_0286_3.jpg,clear
video_0286_4.jpg,clear
video_0286_5.jpg,clear
video_0286_6.jpg,clear
video_0286_7.jpg,clear
video_0286_8.jpg,clear
video_0292_0.jpg,clear
video_0292_1.jpg,clear
video_0292_2.jpg,clear
video_0292_3.jpg,clear
video_0292_4.jpg,clear
video_0292_5.jpg,clear
video_0279_0.jpg,clear
video_0279_1.jpg,clear
video_0279_2.jpg,clear
video_0279_3.jpg,clear
video_0279_4.jpg,clear
video_0245_0.jpg,cloudy
video_0245_1.jpg,cloudy
video_0245_2.jpg,cloudy
video_0245_3.jpg,cloudy
video_0251_0.jpg,clear
video_0251_1.jpg,clear
video_0251_2.jpg,clear
video_0251_3.jpg,clear
video_0251_4.jpg,clear
video_0251_5.jpg,clear
video_0251_6.jpg,clear
video_0236_0.jpg,cloudy
video_0236_1.jpg,cloudy
video_0236_2.jpg,cloudy
video_0236_3.jpg,cloudy
video_0236_4.jpg,cloudy
video_0236_5.jpg,cloudy
video_0236_6.jpg,cloudy
video_0222_0.jpg,clear
video_0222_1.jpg,clear
video_0222_2.jpg,clear
video_0222_3.jpg,clear
video_0222_4.jpg,clear
video_0222_5.jpg,clear
video_0008_0.jpg,snow
video_0008_1.jpg,snow
video_0008_2.jpg,snow
video_0008_3.jpg,snow
video_0008_4.jpg,snow
video_0008_5.jpg,snow
video_0034_0.jpg,clear
video_0034_1.jpg,clear
video_0034_2.jpg,clear
video_0034_3.jpg,clear
video_0034_4.jpg,clear
video_0034_5.jpg,clear
video_0034_6.jpg,clear
video_0034_7.jpg,clear
video_0034_8.jpg,clear
video_0034_9.jpg,clear
video_0034_10.jpg,clear
video_0034_11.jpg,clear
video_0034_12.jpg,clear
video_0034_13.jpg,clear
video_0034_14.jpg,clear
video_0034_15.jpg,clear
video_0034_16.jpg,clear
video_0020_0.jpg,cloudy
video_0020_1.jpg,cloudy
video_0020_2.jpg,cloudy
video_0020_3.jpg,cloudy
video_0020_4.jpg,cloudy
video_0020_5.jpg,cloudy
video_0020_6.jpg,cloudy
video_0020_7.jpg,cloudy
video_0020_8.jpg,cloudy
video_0020_9.jpg,cloudy
video_0020_10.jpg,cloudy
video_0020_11.jpg,cloudy
video_0020_12.jpg,cloudy
video_0020_13.jpg,cloudy
video_0020_14.jpg,cloudy
video_0020_15.jpg,cloudy
video_0020_16.jpg,cloudy
video_0020_17.jpg,cloudy
video_0020_18.jpg,cloudy
video_0168_0.jpg,rain
video_0168_1.jpg,rain
video_0168_2.jpg,rain
video_0168_3.jpg,rain
video_0140_0.jpg,cloudy
video_0140_1.jpg,cloudy
video_0140_2.jpg,cloudy
video_0140_3.jpg,cloudy
video_0140_4.jpg,cloudy
video_0140_5.jpg,cloudy
video_0140_6.jpg,cloudy
video_0140_7.jpg,cloudy
video_0140_8.jpg,cloudy
video_0140_9.jpg,cloudy
video_0154_0.jpg,cloudy
video_0154_1.jpg,cloudy
video_0154_2.jpg,cloudy
video_0154_3.jpg,cloudy
video_0154_4.jpg,cloudy
video_0154_5.jpg,cloudy
video_0154_6.jpg,cloudy
video_0154_7.jpg,cloudy
video_0154_8.jpg,cloudy
video_0154_9.jpg,cloudy
video_0154_10.jpg,cloudy
video_0183_0.jpg,cloudy
video_0183_1.jpg,cloudy
video_0183_2.jpg,cloudy
video_0183_3.jpg,cloudy
video_0183_4.jpg,cloudy
video_0183_5.jpg,cloudy
video_0183_6.jpg,cloudy
video_0183_7.jpg,cloudy
video_0183_8.jpg,cloudy
video_0197_0.jpg,clear
video_0197_1.jpg,clear
video_0197_2.jpg,clear
video_0197_3.jpg,clear
video_0197_4.jpg,clear
video_0197_5.jpg,clear
video_0197_6.jpg,clear
video_0197_7.jpg,clear
video_0342_0.jpg,cloudy
video_0342_1.jpg,cloudy
video_0342_2.jpg,cloudy
video_0342_3.jpg,cloudy
video_0342_4.jpg,cloudy
video_0343_0.jpg,cloudy
video_0343_1.jpg,cloudy
video_0343_2.jpg,cloudy
video_0343_3.jpg,cloudy
video_0343_4.jpg,cloudy
video_0343_5.jpg,cloudy
video_0343_6.jpg,cloudy
video_0343_7.jpg,cloudy
video_0343_8.jpg,cloudy
video_0343_9.jpg,cloudy
video_0343_10.jpg,cloudy
video_0343_11.jpg,cloudy
video_0343_12.jpg,cloudy
video_0343_13.jpg,cloudy
video_0343_14.jpg,cloudy
video_0343_15.jpg,cloudy
video_0343_16.jpg,cloudy
video_0343_17.jpg,cloudy
video_0343_18.jpg,cloudy
video_0343_19.jpg,cloudy
video_0343_20.jpg,cloudy
video_0343_21.jpg,cloudy
video_0343_22.jpg,cloudy
video_0343_23.jpg,cloudy
video_0196_0.jpg,clear
video_0196_1.jpg,clear
video_0196_2.jpg,clear
video_0196_3.jpg,clear
video_0196_4.jpg,clear
video_0196_5.jpg,clear
video_0182_0.jpg,clear
video_0182_1.jpg,clear
video_0182_2.jpg,clear
video_0182_3.jpg,clear
video_0182_4.jpg,clear
video_0182_5.jpg,clear
video_0182_6.jpg,clear
video_0182_7.jpg,clear
video_0182_8.jpg,clear
video_0155_0.jpg,clear
video_0155_1.jpg,clear
video_0155_2.jpg,clear
video_0155_3.jpg,clear
video_0155_4.jpg,clear
video_0155_5.jpg,clear
video_0155_6.jpg,clear
video_0141_0.jpg,clear
video_0141_1.jpg,clear
video_0141_2.jpg,clear
video_0141_3.jpg,clear
video_0141_4.jpg,clear
video_0169_0.jpg,rain
video_0169_1.jpg,rain
video_0169_2.jpg,rain
video_0169_3.jpg,rain
video_0169_4.jpg,rain
video_0169_5.jpg,rain
video_0021_0.jpg,clear
video_0021_1.jpg,clear
video_0021_2.jpg,clear
video_0021_3.jpg,clear
video_0021_4.jpg,clear
video_0021_5.jpg,clear
video_0021_6.jpg,clear
video_0035_0.jpg,cloudy
video_0035_1.jpg,cloudy
video_0035_2.jpg,cloudy
video_0035_3.jpg,cloudy
video_0035_4.jpg,cloudy
video_0035_5.jpg,cloudy
video_0035_6.jpg,cloudy
video_0009_0.jpg,clear
video_0009_1.jpg,clear
video_0009_2.jpg,clear
video_0009_3.jpg,clear
video_0009_4.jpg,clear
video_0223_0.jpg,cloudy
video_0223_1.jpg,cloudy
video_0223_2.jpg,cloudy
video_0223_3.jpg,cloudy
video_0223_4.jpg,cloudy
video_0223_5.jpg,cloudy
video_0223_6.jpg,cloudy
video_0223_7.jpg,cloudy
video_0223_8.jpg,cloudy
video_0223_9.jpg,cloudy
video_0223_10.jpg,cloudy
video_0223_11.jpg,cloudy
video_0223_12.jpg,cloudy
video_0223_13.jpg,cloudy
video_0237_0.jpg,clear
video_0237_1.jpg,clear
video_0237_2.jpg,clear
video_0237_3.jpg,clear
video_0237_4.jpg,clear
video_0237_5.jpg,clear
video_0209_0.jpg,clear
video_0209_1.jpg,clear
video_0209_2.jpg,clear
video_0209_3.jpg,clear
video_0209_4.jpg,clear
video_0221_0.jpg,clear
video_0221_1.jpg,clear
video_0221_2.jpg,clear
video_0221_3.jpg,clear
video_0221_4.jpg,clear
video_0221_5.jpg,clear
video_0221_6.jpg,clear
video_0221_7.jpg,clear
video_0221_8.jpg,clear
video_0235_0.jpg,clear
video_0235_1.jpg,clear
video_0235_2.jpg,clear
video_0235_3.jpg,clear
video_0235_4.jpg,clear
video_0235_5.jpg,clear
video_0235_6.jpg,clear
video_0235_7.jpg,clear
video_0023_0.jpg,rain
video_0023_1.jpg,rain
video_0023_2.jpg,rain
video_0023_3.jpg,rain
video_0023_4.jpg,rain
video_0023_5.jpg,rain
video_0023_6.jpg,rain
video_0023_7.jpg,rain
video_0023_8.jpg,rain
video_0037_0.jpg,clear
video_0037_1.jpg,clear
video_0037_2.jpg,clear
video_0037_3.jpg,clear
video_0037_4.jpg,clear
video_0037_5.jpg,clear
video_0157_0.jpg,clear
video_0157_1.jpg,clear
video_0157_2.jpg,clear
video_0143_0.jpg,cloudy
video_0143_1.jpg,cloudy
video_0143_2.jpg,cloudy
video_0143_3.jpg,cloudy
video_0143_4.jpg,cloudy
video_0143_5.jpg,cloudy
video_0143_6.jpg,cloudy
video_0143_7.jpg,cloudy
video_0143_8.jpg,cloudy
video_0143_9.jpg,cloudy
video_0194_0.jpg,clear
video_0194_1.jpg,clear
video_0194_2.jpg,clear
video_0194_3.jpg,clear
video_0194_4.jpg,clear
video_0194_5.jpg,clear
video_0194_6.jpg,clear
video_0194_7.jpg,clear
video_0194_8.jpg,clear
video_0194_9.jpg,clear
video_0194_10.jpg,clear
video_0194_11.jpg,clear
video_0194_12.jpg,clear
video_0194_13.jpg,clear
video_0194_14.jpg,clear
video_0194_15.jpg,clear
video_0194_16.jpg,clear
video_0194_17.jpg,clear
video_0180_0.jpg,clear
video_0180_1.jpg,clear
video_0180_2.jpg,clear
video_0180_3.jpg,clear
video_0180_4.jpg,clear
video_0180_5.jpg,clear
video_0341_0.jpg,cloudy
video_0341_1.jpg,cloudy
video_0341_2.jpg,cloudy
video_0341_3.jpg,cloudy
video_0341_4.jpg,cloudy
video_0341_5.jpg,cloudy
video_0341_6.jpg,cloudy
video_0341_7.jpg,cloudy
video_0341_8.jpg,cloudy
video_0341_9.jpg,cloudy
video_0340_0.jpg,cloudy
video_0340_1.jpg,cloudy
video_0340_2.jpg,cloudy
video_0340_3.jpg,cloudy
video_0340_4.jpg,cloudy
video_0181_0.jpg,cloudy
video_0181_1.jpg,cloudy
video_0181_2.jpg,cloudy
video_0195_0.jpg,clear
video_0195_1.jpg,clear
video_0195_2.jpg,clear
video_0142_0.jpg,cloudy
video_0142_1.jpg,cloudy
video_0142_2.jpg,cloudy
video_0142_3.jpg,cloudy
video_0142_4.jpg,cloudy
video_0142_5.jpg,cloudy
video_0142_6.jpg,cloudy
video_0142_7.jpg,cloudy
video_0142_8.jpg,cloudy
video_0142_9.jpg,cloudy
video_0156_0.jpg,clear
video_0156_1.jpg,clear
video_0156_2.jpg,clear
video_0156_3.jpg,clear
video_0156_4.jpg,clear
video_0036_0.jpg,snow
video_0036_1.jpg,snow
video_0036_2.jpg,snow
video_0036_3.jpg,snow
video_0036_4.jpg,snow
video_0036_5.jpg,snow
video_0036_6.jpg,snow
video_0036_7.jpg,snow
video_0036_8.jpg,snow
video_0036_9.jpg,snow
video_0036_10.jpg,snow
video_0022_0.jpg,snow
video_0022_1.jpg,snow
video_0022_2.jpg,snow
video_0022_3.jpg,snow
video_0022_4.jpg,snow
video_0022_5.jpg,snow
video_0022_6.jpg,snow
video_0022_7.jpg,snow
video_0022_8.jpg,snow
video_0022_9.jpg,snow
video_0022_10.jpg,snow
video_0022_11.jpg,snow
video_0022_12.jpg,snow
video_0022_13.jpg,snow
video_0022_14.jpg,snow
video_0234_0.jpg,clear
video_0234_1.jpg,clear
video_0234_2.jpg,clear
video_0234_3.jpg,clear
video_0234_4.jpg,clear
video_0234_5.jpg,clear
video_0234_6.jpg,clear
video_0234_7.jpg,clear
video_0220_0.jpg,cloudy
video_0220_1.jpg,cloudy
video_0220_2.jpg,cloudy
video_0220_3.jpg,cloudy
video_0220_4.jpg,cloudy
video_0220_5.jpg,cloudy
video_0208_0.jpg,clear
video_0208_1.jpg,clear
video_0208_2.jpg,clear
video_0208_3.jpg,clear
video_0208_4.jpg,clear
video_0208_5.jpg,clear
video_0208_6.jpg,clear
video_0208_7.jpg,clear
video_0224_0.jpg,clear
video_0224_1.jpg,clear
video_0224_2.jpg,clear
video_0224_3.jpg,clear
video_0224_4.jpg,clear
video_0224_5.jpg,clear
video_0224_6.jpg,clear
video_0224_7.jpg,clear
video_0230_0.jpg,clear
video_0230_1.jpg,clear
video_0230_2.jpg,clear
video_0230_3.jpg,clear
video_0218_0.jpg,rain
video_0218_1.jpg,rain
video_0218_2.jpg,rain
video_0218_3.jpg,rain
video_0218_4.jpg,rain
video_0218_5.jpg,rain
video_0026_0.jpg,clear
video_0026_1.jpg,clear
video_0026_2.jpg,clear
video_0026_3.jpg,clear
video_0026_4.jpg,clear
video_0026_5.jpg,clear
video_0026_6.jpg,clear
video_0026_7.jpg,clear
video_0026_8.jpg,clear
video_0026_9.jpg,clear
video_0026_10.jpg,clear
video_0026_11.jpg,clear
video_0026_12.jpg,clear
video_0026_13.jpg,clear
video_0026_14.jpg,clear
video_0026_15.jpg,clear
video_0026_16.jpg,clear
video_0026_17.jpg,clear
video_0032_0.jpg,cloudy
video_0032_1.jpg,cloudy
video_0032_2.jpg,cloudy
video_0032_3.jpg,cloudy
video_0032_4.jpg,cloudy
video_0032_5.jpg,cloudy
video_0032_6.jpg,cloudy
video_0032_7.jpg,cloudy
video_0032_8.jpg,cloudy
video_0152_0.jpg,cloudy
video_0152_1.jpg,cloudy
video_0152_2.jpg,cloudy
video_0152_3.jpg,cloudy
video_0152_4.jpg,cloudy
video_0152_5.jpg,cloudy
video_0152_6.jpg,cloudy
video_0152_7.jpg,cloudy
video_0152_8.jpg,cloudy
video_0152_9.jpg,cloudy
video_0152_10.jpg,cloudy
video_0146_0.jpg,clear
video_0146_1.jpg,clear
video_0146_2.jpg,clear
video_0146_3.jpg,clear
video_0191_0.jpg,cloudy
video_0191_1.jpg,cloudy
video_0191_2.jpg,cloudy
video_0191_3.jpg,cloudy
video_0191_4.jpg,cloudy
video_0185_0.jpg,cloudy
video_0185_1.jpg,cloudy
video_0185_2.jpg,cloudy
video_0185_3.jpg,cloudy
video_0185_4.jpg,cloudy
video_0344_0.jpg,clear
video_0344_1.jpg,clear
video_0344_2.jpg,clear
video_0345_0.jpg,clear
video_0345_1.jpg,clear
video_0345_2.jpg,clear
video_0345_3.jpg,clear
video_0345_4.jpg,clear
video_0184_0.jpg,clear
video_0184_1.jpg,clear
video_0184_2.jpg,clear
video_0184_3.jpg,clear
video_0184_4.jpg,clear
video_0184_5.jpg,clear
video_0184_6.jpg,clear
video_0184_7.jpg,clear
video_0184_8.jpg,clear
video_0184_9.jpg,clear
video_0190_0.jpg,cloudy
video_0190_1.jpg,cloudy
video_0190_2.jpg,cloudy
video_0190_3.jpg,cloudy
video_0190_4.jpg,cloudy
video_0190_5.jpg,cloudy
video_0190_6.jpg,cloudy
video_0190_7.jpg,cloudy
video_0190_8.jpg,cloudy
video_0190_9.jpg,cloudy
video_0190_10.jpg,cloudy
video_0190_11.jpg,cloudy
video_0147_0.jpg,cloudy
video_0147_1.jpg,cloudy
video_0147_2.jpg,cloudy
video_0147_3.jpg,cloudy
video_0147_4.jpg,cloudy
video_0147_5.jpg,cloudy
video_0147_6.jpg,cloudy
video_0147_7.jpg,cloudy
video_0147_8.jpg,cloudy
video_0147_9.jpg,cloudy
video_0147_10.jpg,cloudy
video_0147_11.jpg,cloudy
video_0153_0.jpg,cloudy
video_0153_1.jpg,cloudy
video_0153_2.jpg,cloudy
video_0153_3.jpg,cloudy
video_0153_4.jpg,cloudy
video_0153_5.jpg,cloudy
video_0153_6.jpg,cloudy
video_0153_7.jpg,cloudy
video_0153_8.jpg,cloudy
video_0153_9.jpg,cloudy
video_0153_10.jpg,cloudy
video_0033_0.jpg,snow
video_0033_1.jpg,snow
video_0033_2.jpg,snow
video_0033_3.jpg,snow
video_0033_4.jpg,snow
video_0033_5.jpg,snow
video_0033_6.jpg,snow
video_0033_7.jpg,snow
video_0027_0.jpg,clear
video_0027_1.jpg,clear
video_0027_2.jpg,clear
video_0027_3.jpg,clear
video_0027_4.jpg,clear
video_0027_5.jpg,clear
video_0219_0.jpg,cloudy
video_0219_1.jpg,cloudy
video_0219_2.jpg,cloudy
video_0219_3.jpg,cloudy
video_0219_4.jpg,cloudy
video_0219_5.jpg,cloudy
video_0219_6.jpg,cloudy
video_0219_7.jpg,cloudy
video_0231_0.jpg,clear
video_0231_1.jpg,clear
video_0231_2.jpg,clear
video_0231_3.jpg,clear
video_0231_4.jpg,clear
video_0231_5.jpg,clear
video_0231_6.jpg,clear
video_0231_7.jpg,clear
video_0231_8.jpg,clear
video_0225_0.jpg,cloudy
video_0225_1.jpg,cloudy
video_0225_2.jpg,cloudy
video_0225_3.jpg,cloudy
video_0225_4.jpg,cloudy
video_0225_5.jpg,cloudy
video_0225_6.jpg,cloudy
video_0233_0.jpg,cloudy
video_0233_1.jpg,cloudy
video_0233_2.jpg,cloudy
video_0233_3.jpg,cloudy
video_0233_4.jpg,cloudy
video_0233_5.jpg,cloudy
video_0233_6.jpg,cloudy
video_0233_7.jpg,cloudy
video_0233_8.jpg,cloudy
video_0227_0.jpg,cloudy
video_0227_1.jpg,cloudy
video_0227_2.jpg,cloudy
video_0227_3.jpg,cloudy
video_0227_4.jpg,cloudy
video_0227_5.jpg,cloudy
video_0031_0.jpg,cloudy
video_0031_1.jpg,cloudy
video_0031_2.jpg,cloudy
video_0031_3.jpg,cloudy
video_0031_4.jpg,cloudy
video_0031_5.jpg,cloudy
video_0031_6.jpg,cloudy
video_0031_7.jpg,cloudy
video_0031_8.jpg,cloudy
video_0031_9.jpg,cloudy
video_0031_10.jpg,cloudy
video_0025_0.jpg,clear
video_0025_1.jpg,clear
video_0025_2.jpg,clear
video_0025_3.jpg,clear
video_0025_4.jpg,clear
video_0025_5.jpg,clear
video_0025_6.jpg,clear
video_0025_7.jpg,clear
video_0019_0.jpg,cloudy
video_0019_1.jpg,cloudy
video_0019_2.jpg,cloudy
video_0019_3.jpg,cloudy
video_0019_4.jpg,cloudy
video_0019_5.jpg,cloudy
video_0019_6.jpg,cloudy
video_0019_7.jpg,cloudy
video_0019_8.jpg,cloudy
video_0019_9.jpg,cloudy
video_0019_10.jpg,cloudy
video_0019_11.jpg,cloudy
video_0019_12.jpg,cloudy
video_0019_13.jpg,cloudy
video_0019_14.jpg,cloudy
video_0019_15.jpg,cloudy
video_0019_16.jpg,cloudy
video_0145_0.jpg,clear
video_0145_1.jpg,clear
video_0145_2.jpg,clear
video_0145_3.jpg,clear
video_0145_4.jpg,clear
video_0145_5.jpg,clear
video_0145_6.jpg,clear
video_0145_7.jpg,clear
video_0145_8.jpg,clear
video_0145_9.jpg,clear
video_0151_0.jpg,cloudy
video_0151_1.jpg,cloudy
video_0151_2.jpg,cloudy
video_0151_3.jpg,cloudy
video_0151_4.jpg,cloudy
video_0151_5.jpg,cloudy
video_0151_6.jpg,cloudy
video_0151_7.jpg,cloudy
video_0151_8.jpg,cloudy
video_0186_0.jpg,cloudy
video_0186_1.jpg,cloudy
video_0186_2.jpg,cloudy
video_0186_3.jpg,cloudy
video_0186_4.jpg,cloudy
video_0186_5.jpg,cloudy
video_0186_6.jpg,cloudy
video_0192_0.jpg,clear
video_0192_1.jpg,clear
video_0192_2.jpg,clear
video_0192_3.jpg,clear
video_0346_0.jpg,clear
video_0346_1.jpg,clear
video_0346_2.jpg,clear
video_0346_3.jpg,clear
video_0346_4.jpg,clear
video_0346_5.jpg,clear
video_0346_6.jpg,clear
video_0346_7.jpg,clear
video_0193_0.jpg,clear
video_0193_1.jpg,clear
video_0193_2.jpg,clear
video_0193_3.jpg,clear
video_0193_4.jpg,clear
video_0193_5.jpg,clear
video_0193_6.jpg,clear
video_0193_7.jpg,clear
video_0187_0.jpg,cloudy
video_0187_1.jpg,cloudy
video_0187_2.jpg,cloudy
video_0187_3.jpg,cloudy
video_0187_4.jpg,cloudy
video_0187_5.jpg,cloudy
video_0187_6.jpg,cloudy
video_0187_7.jpg,cloudy
video_0178_0.jpg,rain
video_0178_1.jpg,rain
video_0178_2.jpg,rain
video_0178_3.jpg,rain
video_0178_4.jpg,rain
video_0178_5.jpg,rain
video_0178_6.jpg,rain
video_0178_7.jpg,rain
video_0150_0.jpg,cloudy
video_0150_1.jpg,cloudy
video_0150_2.jpg,cloudy
video_0150_3.jpg,cloudy
video_0150_4.jpg,cloudy
video_0150_5.jpg,cloudy
video_0150_6.jpg,cloudy
video_0150_7.jpg,cloudy
video_0150_8.jpg,cloudy
video_0150_9.jpg,cloudy
video_0150_10.jpg,cloudy
video_0144_0.jpg,cloudy
video_0144_1.jpg,cloudy
video_0144_2.jpg,cloudy
video_0144_3.jpg,cloudy
video_0144_4.jpg,cloudy
video_0144_5.jpg,cloudy
video_0144_6.jpg,cloudy
video_0144_7.jpg,cloudy
video_0144_8.jpg,cloudy
video_0018_0.jpg,clear
video_0018_1.jpg,clear
video_0018_2.jpg,clear
video_0018_3.jpg,clear
video_0018_4.jpg,clear
video_0018_5.jpg,clear
video_0018_6.jpg,clear
video_0018_7.jpg,clear
video_0018_8.jpg,clear
video_0018_9.jpg,clear
video_0018_10.jpg,clear
video_0018_11.jpg,clear
video_0018_12.jpg,clear
video_0018_13.jpg,clear
video_0024_0.jpg,rain
video_0024_1.jpg,rain
video_0024_2.jpg,rain
video_0024_3.jpg,rain
video_0024_4.jpg,rain
video_0024_5.jpg,rain
video_0024_6.jpg,rain
video_0024_7.jpg,rain
video_0030_0.jpg,clear
video_0030_1.jpg,clear
video_0030_2.jpg,clear
video_0030_3.jpg,clear
video_0030_4.jpg,clear
video_0030_5.jpg,clear
video_0030_6.jpg,clear
video_0226_0.jpg,cloudy
video_0226_1.jpg,cloudy
video_0226_2.jpg,cloudy
video_0226_3.jpg,cloudy
video_0226_4.jpg,cloudy
video_0226_5.jpg,cloudy
video_0226_6.jpg,cloudy
video_0226_7.jpg,cloudy
video_0226_8.jpg,cloudy
video_0226_9.jpg,cloudy
video_0226_10.jpg,cloudy
video_0232_0.jpg,clear
video_0232_1.jpg,clear
video_0232_2.jpg,clear
video_0232_3.jpg,clear
video_0232_4.jpg,clear
video_0232_5.jpg,clear
video_0232_6.jpg,clear
video_0232_7.jpg,clear
video_0232_8.jpg,clear
video_0232_9.jpg,clear
video_0232_10.jpg,clear
